ANO_ELEICAO;NR_TURNO;SG_UF;CD_MUNICIPIO;NM_MUNICIPIO;NR_ZONA;CD_CARGO;SQ_CANDIDATO;NR_CANDIDATO;NM_CANDIDATO;NM_URNA_CANDIDATO;CD_SITUACAO_CANDIDATURA;DS_SITUACAO_CANDIDATURA;NR_PARTIDO;SG_PARTIDO;QT_VOTOS_NOMINAIS_VALIDOS;TP_VOTAVEL
2022;1;RS;85995;CAXIAS DO SUL;16;7;210001610488;15123;CARLOS EDISON DUARTE BURIGO;CARLOS BURIGO;2;DEFERIDO;15;MDB;14850;NOMINAL
2022;1;RS;85995;CAXIAS DO SUL;169;7;210001610488;15123;CARLOS EDISON DUARTE BURIGO;CARLOS BURIGO;2;DEFERIDO;15;MDB;12620;NOMINAL
2022;1;RS;85413;BENTO GONCALVES;8;7;210001610488;15123;CARLOS EDISON DUARTE BURIGO;CARLOS BURIGO;2;DEFERIDO;15;MDB;2150;NOMINAL
2022;1;RS;86576;FARROUPILHA;61;7;210001610488;15123;CARLOS EDISON DUARTE BURIGO;CARLOS BURIGO;2;DEFERIDO;15;MDB;3410;NOMINAL
2022;1;RS;86630;FLORES DA CUNHA;68;7;210001610488;15123;CARLOS EDISON DUARTE BURIGO;CARLOS BURIGO;2;DEFERIDO;15;MDB;2890;NOMINAL
2022;1;RS;88013;PORTO ALEGRE;1;7;210001610488;15123;CARLOS EDISON DUARTE BURIGO;CARLOS BURIGO;2;DEFERIDO;15;MDB;980;NOMINAL
2022;1;RS;85995;CAXIAS DO SUL;16;7;210001607812;13013;PEPE VARGAS;PEPE VARGAS;2;DEFERIDO;13;PT;18200;NOMINAL
2022;1;RS;85995;CAXIAS DO SUL;169;7;210001607812;13013;PEPE VARGAS;PEPE VARGAS;2;DEFERIDO;13;PT;16400;NOMINAL
2022;1;RS;88013;PORTO ALEGRE;1;7;210001607812;13013;PEPE VARGAS;PEPE VARGAS;2;DEFERIDO;13;PT;3500;NOMINAL
2022;1;RS;85995;CAXIAS DO SUL;16;7;210001611005;11122;SILVANA COVATTI;SILVANA COVATTI;2;DEFERIDO;11;PP;1850;NOMINAL
2022;1;RS;85995;CAXIAS DO SUL;169;7;210001611005;11122;SILVANA COVATTI;SILVANA COVATTI;2;DEFERIDO;11;PP;1620;NOMINAL
2022;1;RS;88013;PORTO ALEGRE;1;7;210001611005;11122;SILVANA COVATTI;SILVANA COVATTI;2;DEFERIDO;11;PP;4200;NOMINAL
2022;1;RS;85995;CAXIAS DO SUL;16;7;210001612450;10123;SERGIO PERES;SERGIO PERES;2;DEFERIDO;10;REPUBLICANOS;3100;NOMINAL
2022;1;RS;85995;CAXIAS DO SUL;169;7;210001612450;10123;SERGIO PERES;SERGIO PERES;2;DEFERIDO;10;REPUBLICANOS;2900;NOMINAL
2022;1;RS;88013;PORTO ALEGRE;1;7;210001612450;10123;SERGIO PERES;SERGIO PERES;2;DEFERIDO;10;REPUBLICANOS;5200;NOMINAL
2022;1;RS;85995;CAXIAS DO SUL;16;7;210001613990;22123;RODRIGO LORENZONI;RODRIGO LORENZONI;2;DEFERIDO;22;PL;6200;NOMINAL
2022;1;RS;85995;CAXIAS DO SUL;169;7;210001613990;22123;RODRIGO LORENZONI;RODRIGO LORENZONI;2;DEFERIDO;22;PL;5800;NOMINAL
2022;1;RS;88013;PORTO ALEGRE;1;7;210001613990;22123;RODRIGO LORENZONI;RODRIGO LORENZONI;2;DEFERIDO;22;PL;9400;NOMINAL
2022;1;RS;85995;CAXIAS DO SUL;16;7;;15;;;2;DEFERIDO;15;MDB;1800;LEGENDA
2022;1;RS;85995;CAXIAS DO SUL;169;7;;15;;;2;DEFERIDO;15;MDB;1650;LEGENDA
2022;1;RS;85995;CAXIAS DO SUL;16;7;;13;;;2;DEFERIDO;13;PT;2200;LEGENDA
2022;1;RS;85995;CAXIAS DO SUL;169;7;;13;;;2;DEFERIDO;13;PT;2100;LEGENDA
2022;1;RS;85995;CAXIAS DO SUL;16;7;;11;;;2;DEFERIDO;11;PP;950;LEGENDA
2022;1;RS;85995;CAXIAS DO SUL;169;7;;11;;;2;DEFERIDO;11;PP;890;LEGENDA
2022;1;RS;85995;CAXIAS DO SUL;16;7;;10;;;2;DEFERIDO;10;REPUBLICANOS;800;LEGENDA
2022;1;RS;85995;CAXIAS DO SUL;169;7;;10;;;2;DEFERIDO;10;REPUBLICANOS;750;LEGENDA
2022;1;RS;85995;CAXIAS DO SUL;16;7;;22;;;2;DEFERIDO;22;PL;1900;LEGENDA
2022;1;RS;85995;CAXIAS DO SUL;169;7;;22;;;2;DEFERIDO;22;PL;1850;LEGENDA
2022;1;RS;85413;BENTO GONCALVES;8;7;;15;;;2;DEFERIDO;15;MDB;350;LEGENDA
2022;1;RS;86576;FARROUPILHA;61;7;;15;;;2;DEFERIDO;15;MDB;490;LEGENDA
2022;1;RS;86630;FLORES DA CUNHA;68;7;;15;;;2;DEFERIDO;15;MDB;380;LEGENDA
2022;1;RS;88013;PORTO ALEGRE;1;7;;15;;;2;DEFERIDO;15;MDB;650;LEGENDA
2022;1;RS;88013;PORTO ALEGRE;1;7;;13;;;2;DEFERIDO;13;PT;850;LEGENDA
2022;1;RS;88013;PORTO ALEGRE;1;7;;11;;;2;DEFERIDO;11;PP;480;LEGENDA
2022;1;RS;88013;PORTO ALEGRE;1;7;;10;;;2;DEFERIDO;10;REPUBLICANOS;420;LEGENDA
2022;1;RS;88013;PORTO ALEGRE;1;7;;22;;;2;DEFERIDO;22;PL;1000;LEGENDA
